Column1;Column2;Column3
ISIN;Nombre;Coleccion
BE0943877671;DPAM B - Bonds Eur Government B Cap;funds_v3
BE0946564383;DPAM B - Equities NewGems Sustainable B Cap;funds_v3
BE0947853660;DPAM B - Equities US Dividend Sustainable B EUR Cap;funds_v3
BE6213829094;DPAM B - Real Estate Europe Dividend Sustainable B Cap;funds_v3
DE0005318406;DWS ESG Stiftungsfonds LD;funds_v3
DE0008490962;DWS Deutschland LC;funds_v3
DE000A0X7541;Acatis Value Event Fonds A;funds_v3
DE000DWS17J0;DWS ESG Dynamic Opportunities LC;funds_v3
ES0110407006;Gestión Boutique VI Argos FI;funds_v3
ES0111166031;Atl Capital Corto Plazo A FI;funds_v3
ES0112231016;Avantage Fund B FI;funds_v3
ES0112602000;Azvalor Managers FI;funds_v3
ES0114633003;Panda Agriculture & Water Fund FI;funds_v3
ES0114904008;Brightgate Focus A FI;funds_v3
ES0116419005;Cartera Renta Fija Horizonte 2026 FI;funds_v3
ES0116567035;Cartesio X FI;funds_v3
ES0116848005;Global Allocation R FI;funds_v3
ES0118537002;Olea Neutral FI;funds_v3
ES0124880032;UBS Renta Fija 0-5 B FI;funds_v3
ES0125240038;Trea Renta Fija Ahorro S FI;funds_v3
ES0125323008;Gestión Value A FI;funds_v3
ES0126542036;Amundi Corto Plazo A FI;funds_v3
ES0126547035;UBS Duración 0-2 B FI;funds_v3
ES0127097030;Dux Rentinver Renta Fija FI;funds_v3
ES0127795005;EDM Renta R FI;funds_v3
ES0128067008;Dux Mixto Variable FI;funds_v3
ES0131462022;Gestion Boutique V Robotics R FI;funds_v3
ES0133593030;EUROBOLSA SELECCION SICAV, SA;funds_v3
ES0137381036;Gesconsult Renta Variable Iberia A FI;funds_v3
ES0138217031;Gesconsult Renta Fija Flexible A FI;funds_v3
ES0138911039;Gesconsult Renta Variable Eurozona FI;funds_v3
ES0138914033;Merch-Fontemar FI;funds_v3
ES0138922002;Gesconsult Horizonte 2025 FI;funds_v3
ES0138922036;Gesconsult Corto Plazo A FI;funds_v3
ES0138930005;Fonvalcem B FI;funds_v3
ES0138936036;Fondibas FI;funds_v3
ES0140643034;GVC Gaesco Europa FI;funds_v3
ES0140986011;Gesconsult Oportunidad Renta Fija A FI;funds_v3
ES0141113037;GVC Gaesco Japón A FI;funds_v3
ES0141116030;Hamco Global Value Fund R FI;funds_v3
ES0141580037;SIH Ahorro A FI;funds_v3
ES0141991002;Gestión Talento FI;funds_v3
ES0142046038;Gesem Agresivo Flexible FI;funds_v3
ES0142167032;SIH Renta Fija A FI;funds_v3
ES0146309002;Horos Value Internacional FI;funds_v3
ES0148181003;Indexa RV mixta internacional 75 FI;funds_v3
ES0155142005;Intermoney Variable Euro A FI;funds_v3
ES0155598008;UBS Corto Plazo A FI;funds_v3
ES0155598032;UBS Corto Plazo B FI;funds_v3
ES0156873004;A&G Renta Fija Corto Plazo FI;funds_v3
ES0158600033;SIH Flex Global FI;funds_v3
ES0159201013;Magallanes Iberian Equity M FI;funds_v3
ES0159259011;Magallanes European Equity M FI;funds_v3
ES0160873008;March Pagarés A FI;funds_v3
ES0161032034;March Renta Fija Corto Plazo A FI;funds_v3
ES0161992005;SIH Capital FI;funds_v3
ES0162211033;Merch-Eurounión FI;funds_v3
ES0162295002;Cartera Renta Fija Horizonte 2027 FI;funds_v3
ES0162296000;Cartera Renta Fija Horizonte 2028 FI;funds_v3
ES0162305033;Merch-Oportunidades FI;funds_v3
ES0162332037;Merchfondo FI;funds_v3
ES0162333035;Merchrenta FI;funds_v3
ES0162368007;Metavalor Internacional I FI;funds_v3
ES0162946034;Abante Selección FI;funds_v3
ES0162949012;Abante Índice Selección A FI;funds_v3
ES0165142003;Mutuafondo Corto Plazo D FI;funds_v3
ES0165142037;Mutuafondo Corto Plazo A FI;funds_v3
ES0165237001;Mutuafondo D FI;funds_v3
ES0165242001;Myinvestor S&P500 Equiponderado FI;funds_v3
ES0165243025;Myinvestor Value C FI;funds_v3
ES0167238023;Estela Global Equities R FI;funds_v3
ES0168662031;Trea Renta Fija FI;funds_v3
ES0168673038;EDM Ahorro R FI;funds_v3
ES0168797092;Gestión Boutique II JPB Growth FI;funds_v3
ES0168799056;Gestión Boutique IV Alclam US Equities FI;funds_v3
ES0170138038;Santalucía Renta Fija B FI;funds_v3
ES0170141008;Santalucía Quality Acciones Europeas B FI;funds_v3
ES0170156030;Santalucía Renta Fija Corto Plazo Euro B FI;funds_v3
ES0170865002;SIH Healthcare A FI;funds_v3
ES0173323009;Renta 4 Wertefinder FI;funds_v3
ES0175316019;Dunas Valor Flexible R FI;funds_v3
ES0175414012;Dunas Valor Equilibrado R FI;funds_v3
ES0175437005;Dunas Valor Prudente R FI;funds_v3
ES0175604000;Gesconsult León Valores Mixto Flexible B FI;funds_v3
ES0175604034;Gesconsult León Valores Mixto Flexible A FI;funds_v3
ES0176954008;Renta 4 Renta Fija R FI;funds_v3
ES0182105033;Merch-Universal FI;funds_v3
ES0182631004;Polar Renta Fija A FI;funds_v3
ES0182769002;Valentum E FI;funds_v3
ES0184894006;Myinvestor ACWI FI;funds_v3
ES0184949008;Sigma Investment House Megatrends A FI;funds_v3
ES0184949016;Sigma Investment House Megatrends B FI;funds_v3
FI0008800511;Evli Short Corporate Bond B;funds_v3
FI0008801097;Evli Corporate Bond B;funds_v3
FI0008803929;Evli European High Yield B;funds_v3
FI0008804463;Evli Euro Liquidity B;funds_v3
FI0008811997;Evli Nordic Corporate Bond B;funds_v3
FR0000174310;Lazard Small Caps Euro SRI I;funds_v3
FR0000989626;Groupama Trésorerie IC;funds_v3
FR0000989899;Oddo BHF Avenir CR-EUR;funds_v3
FR0000989915;Oddo BHF Immobilier CR-EUR;funds_v3
FR0007008750;R-co Conviction Credit Euro C EUR;funds_v3
FR0010041822;Edmond de Rothschild Patrimoine A;funds_v3
FR0010148981;Carmignac Investissement A EUR Acc;funds_v3
FR0010149120;Carmignac Sécurité AW EUR Acc;funds_v3
FR0010172767;EdR SICAV - Euro Sustainable Credit A EUR;funds_v3
FR0010230490;Lazard Credit Opportunities RC EUR;funds_v3
FR0010286013;Sextant Grand Large A;funds_v3
FR0010288308;Groupama Avenir Euro NC;funds_v3
FR0010306142;Carmignac Patrimoine E EUR Acc;funds_v3
FR0010312660;Carmignac Investissement E EUR Acc;funds_v3
FR0010321810;Echiquier Agenor SRI Mid Cap Europe A;funds_v3
FR0010547869;Sextant PME A;funds_v3
FR0010722348;Groupama Global Active Equity NC;funds_v3
FR0010794792;Candriam Diversified Futures Classique;funds_v3
FR0010829697;Amundi Enhanced Ultra Short Term Bond Select P-C;funds_v3
FR0010839282;Echiquier Short Term Credit SRI A;funds_v3
FR0010859769;Echiquier World Equity Growth A;funds_v3
FR0010950055;AXA IM Euro 6M E;funds_v3
FR0011170182;Ofi Invest Precious Metals R;funds_v3
FR0011253624;R-co Valor C EUR;funds_v3
FR0011261197;R-co Valor F EUR;funds_v3
FR0011288513;Sycomore Sélection Crédit R;funds_v3
FR0011365212;Amundi Ultra Short Term Bond Responsible E C;funds_v3
FR0011387299;Allianz Euro Oblig Court Terme ISR RC;funds_v3
FR0013201001;EdR SICAV - Euro Sustainable Credit R EUR;funds_v3
FR0013219243;EdR SICAV - Equity Euro Solve A EUR;funds_v3
FR0013231453;Ostrum Credit Ultra Short Plus I-C EUR;funds_v3
FR0013346079;Groupama Ultra Short Term NC;funds_v3
FR0013460920;EdR SICAV - Short Duration Credit A EUR;funds_v3
FR0013460961;EdR SICAV - Short Duration Credit B EUR;funds_v3
FR0014008W22;EdR SICAV - Millesima World 2028 A EUR;funds_v3
FR001400JGB5;EdR SICAV Millesima Select 2028 A Eur;funds_v3
FR001400NTN5;Lazard High Yield 2029 EC EUR;funds_v3
FR0050000860;Amundi Ultra Short Term Bond Responsible P C;funds_v3
IE0003867441;BNY Mellon Small Cap Euroland Fund EUR A Acc;funds_v3
IE0004766675;Comgest Growth Europe EUR Acc;funds_v3
IE000MI53C66;Man Funds plc - Man Global Investment Grade Opportunities D H EUR;funds_v3
IE0031069499;AXA IM Equity Trust - AXA IM All Country Asia Pacific Ex-Japan Small Cap Equity QI;funds_v3
IE0031333341;Jupiter Asia Pacific Income Fund C USD Acc;funds_v3
IE0031573904;Brandes Global Value Fund A Euro Acc;funds_v3
IE0031574647;Brandes European Value Fund A Euro Acc;funds_v3
IE0031575271;Brandes US Value Fund A Euro Acc;funds_v3
IE0032722484;BNY Mellon Euroland Bond Fund EUR C Acc;funds_v3
IE0034277479;AXA IM Equity Trust - AXA IM All Country Asia Pacific Ex-Japan Small Cap Equity QI;funds_v3
IE00B03HCZ61;Vanguard Global Stock Index Fund Investor EUR Accumulation;funds_v3
IE00B03HD191;Vanguard Global Stock Index Fund EUR Acc;funds_v3
IE00B11XYW43;PIMCO GIS Emerging Markets Bond Fund E Class EUR (Hedged) Accumulation;funds_v3
IE00B11XZ103;PIMCO GIS Global Bond Fund E Class EUR (Hedged) Accumulation;funds_v3
IE00B11XZ871;PIMCO GIS US High Yield Bond Fund E Class Accumulation;funds_v3
IE00B11YFH93;BNY Mellon Emerging Markets Debt Local Currency Fund EUR A Acc;funds_v3
IE00B18GC888;Vanguard Global Bond Index Fund EUR Hedged Acc;funds_v3
IE00B23S7K36;BNY Mellon Brazil Equity Fund EUR A Acc;funds_v3
IE00B28YJQ65;Polar Capital Funds PLC - Polar Capital Healthcare Opportunities Fund Inc (EUR);funds_v3
IE00B2NXKW18;Seilern World Growth EUR U R;funds_v3
IE00B3NLSS43;Polar Capital Funds PLC - Polar Capital Healthcare Opportunities Fund R Inc (EUR);funds_v3
IE00B3RW6Z61;Nomura Funds Ireland plc - US High Yield Bond Fund Class A EUR;funds_v3
IE00B3V93F27;BNY Mellon Global Equity Income Fund EUR A Acc;funds_v3
IE00B3VXGD32;Polar Capital Funds PLC - Biotechnology Fund R Inc (EUR);funds_v3
IE00B4M05337;Brown Advisory US Equity Growth $ P;funds_v3
IE00B4XYLM55;Jupiter Emerging Market Debt Income Fund L EUR Acc;funds_v3
IE00B4Z6MP99;BNY Mellon Global Real Return Fund (EUR) C Acc;funds_v3
IE00B4ZJ4188;Comgest Growth Europe Opportunities EUR Acc;funds_v3
IE00B52VLZ70;Polar Capital Funds PLC - Polar Capital Global Insurance Fund R Acc (EUR);funds_v3
IE00B53H0P79;PIMCO GIS Global Advantage Fund E Class EUR (Partially Hedged) Accumulation;funds_v3
IE00B5ZW6Z28;PIMCO GIS Emerging Local Bond Fund E Class EUR (Unhedged) Accumulation;funds_v3
IE00B84J9L26;PIMCO GIS Income Fund E Class EUR (Hedged) Accumulation;funds_v3
IE00B87MS887;Liontrust GF Special Situations Fund A1 Acc EUR;funds_v3
IE00B88WFS66;Federated Hermes Asia ex-Japan Equity Fund Class R EUR Accumulating;funds_v3
IE00B8BPMF80;Wellington Strategic European Equity Fund EUR D Ac;funds_v3
IE00B8J38129;Algebris UCITS Funds plc - Algebris Financial Credit Fund R EUR Acc;funds_v3
IE00B90VC092;PIMCO European Short-Term Opportunities Fund E EUR Accumulation;funds_v3
IE00B986FT65;Neuberger Berman Emerging Market Debt - Hard Currency Fund EUR A Accumulating Class;funds_v3
IE00BD2ZKT29;Principal Global Investors Funds - Finisterre Unconstrained Emerging Market Fxd Inc Fd A Hdg Acc EUR;funds_v3
IE00BD4GTQ32;FTGF ClearBridge Infrastructure Value Fund Class A Euro Accumulating;funds_v3
IE00BD5CTX77;BNY Mellon Global Short-Dated High Yield Bond Fund EUR H Acc Hedged;funds_v3
IE00BDH6RQ67;UTI India Dynamic Equity EURO Retail;funds_v3
IE00BDTYYP61;Man Funds VI plc - Man High Yield Opportunities D EUR;funds_v3
IE00BDZRWZ54;Neuberger Berman Short Duration Emerging Market Debt Fund EUR A Accumulating Class;funds_v3
IE00BF0GL212;Polar Capital Funds PLC - Artificial Intelligence Fund R USD Acc (EUR);funds_v3
IE00BF2FJG67;PIMCO GIS Low Duration Opportunities Fund E Class EUR (Hedged) Accumulation;funds_v3
IE00BJ7B9456;PIMCO GIS Global Low Duration Real Return Fund E Class EUR (Hedged) Accumulation;funds_v3
IE00BKSBDB61;Polar Capital Funds PLC - Polar Capital Healthcare Opportunities R Acc (EUR);funds_v3
IE00BLP5S460;JupiterMerian Global Equity Absolute Return Fund L (EUR) Hedged Acc;funds_v3
IE00BM95B621;Polar Capital Funds PLC - Polar Capital Global Technology Fund R Acc;funds_v3
IE00BMD7ZB71;Neuberger Berman Next Generation Connectivity Fund EUR A Accumulating Class - Unhedged;funds_v3
IE00BMW2TK08;Lazard Global Convertibles Recovery Fund BP Acc EUR Hedged;funds_v3
IE00BNG2T811;Neuberger Berman Short Duration Euro Bond Fund EUR A Accumulating Class;funds_v3
IE00BYR8H148;Jupiter Merian World Equity Fund L EUR Acc;funds_v3
IE00BYVJR916;Jupiter Gold & Silver Fund L EUR Acc;funds_v3
IE00BYX5NX33;Fidelity MSCI World Index Fund EUR P Acc;funds_v3
IE00BYX5P602;Fidelity MSCI World Index Fund EUR P Acc (Hedged);funds_v3
IE00BYYPF474;Aegon Global Diversified Income Fund EUR A Acc;funds_v3
IE00BYYPF581;Aegon Global Diversified Income Fund EUR A Inc;funds_v3
IE00BZ18VT34;BNY Mellon Global Infrastructure Income Fund EUR A Inc;funds_v3
IE00BZ4D7648;Polar Capital Funds PLC - Polar Capital Global Technology Fund R EUR Hedged Accumulation;funds_v3
LU0011889846;Janus Henderson Horizon Euroland Fund A2 EUR;funds_v3
LU0028119013;Invesco Funds - Invesco Pan European Small Cap Equity Fund A Accumulation EUR;funds_v3
LU0034353002;DWS Floating Rate Notes LC;funds_v3
LU0048293368;BL-Global 75 B EUR Acc;funds_v3
LU0049842692;UBS (Lux) Equity Fund - Mid Caps Europe (EUR) P-acc;funds_v3
LU0072462186;BlackRock Global Funds - European Value Fund A2;funds_v3
LU0073229253;Morgan Stanley Investment Funds - Asia Equity Fund A;funds_v3
LU0073235904;Morgan Stanley Investment Funds - Short Maturity Euro Bond Fund A;funds_v3
LU0077500055;Candriam Bonds Euro Long Term Class C EUR Cap;funds_v3
LU0080237943;DWS Euro Ultra Short Fixed Income Fund NC;funds_v3
LU0084617165;Robeco Asia-Pacific Equities D €;funds_v3
LU0086177085;UBS (Lux) Bond Fund - Euro High Yield (EUR) P-acc;funds_v3
LU0087412390;DWS Concept DJE Alpha Renten Global LC;funds_v3
LU0090845842;BlackRock Global Funds - World Mining Fund E2;funds_v3
LU0093503497;BlackRock Global Funds - ESG Multi-Asset Fund A2;funds_v3
LU0093503737;BlackRock Global Funds - ESG Multi-Asset Fund E2;funds_v3
LU0093583077;Candriam Money Market Euro C Acc EUR;funds_v3
LU0094557526;MFS Meridian Funds - European Research Fund A1 EUR;funds_v3
LU0102219945;Goldman Sachs Europe CORE Equity Portfolio Base Inc EUR;funds_v3
LU0102737730;Invesco Funds - Invesco Euro Ultra-Short Term Debt Fund A Accumulation EUR;funds_v3
LU0102737904;Invesco Funds - Invesco Euro Ultra-Short Term Debt Fund C Accumulation EUR;funds_v3
LU0112467450;Nordea 1 - Global Stable Equity Fund BP EUR;funds_v3
LU0113257694;Schroder International Selection Fund EURO Corporate Bond A Accumulation EUR;funds_v3
LU0114722738;Fidelity Funds - Global Financial Services Fund E-Acc-EUR;funds_v3
LU0114723033;Fidelity Funds - Global Industrials Fund E-Acc-EUR;funds_v3
LU0115139569;Invesco Funds - Invesco Global Consumer Trends Fund E Accumulation EUR;funds_v3
LU0115141201;Invesco Funds - Invesco Pan European Equity Fund E Accumulation EUR;funds_v3
LU0115143082;Invesco Funds - Invesco Asia Opportunities Equity Fund E Accumulation EUR;funds_v3
LU0115759606;Fidelity Funds - America Fund E-Acc-EUR;funds_v3
LU0115765678;Fidelity Funds - Iberia Fund E-Acc-EUR;funds_v3
LU0115769746;Fidelity Funds - World Fund E-Acc-EUR;funds_v3
LU0115773425;Fidelity Funds - Global Technology Fund E-Acc-EUR;funds_v3
LU0117843481;JPMorgan Funds - Taiwan Fund A (dist) - USD;funds_v3
LU0117843721;JPMorgan Funds - Taiwan Fund D (acc) - USD;funds_v3
LU0117858166;JPMorgan Funds - Euroland Equity Fund D (acc) - EUR;funds_v3
LU0117858596;JPMorgan Funds - Europe Equity Fund D (acc) - EUR;funds_v3
LU0117858679;JPMorgan Funds - Europe Strategic Growth Fund D (acc) - EUR;funds_v3
LU0117858752;JPMorgan Funds - Europe Strategic Value Fund D (acc) - EUR;funds_v3
LU0117859560;JPMorgan Funds - Europe Small Cap Fund D (acc) - EUR;funds_v3
LU0117884675;JPMorgan Funds - Europe Dynamic Technologies Fund D (acc) - EUR;funds_v3
LU0119063039;JPMorgan Funds - Europe Dynamic Fund D (acc) - EUR;funds_v3
LU0119195963;Goldman Sachs Patrimonial Balanced - P Cap EUR;funds_v3
LU0119620416;Morgan Stanley Investment Funds - Global Brands Fund A;funds_v3
LU0119750205;Invesco Funds - Invesco Sustainable Pan European Systematic Equity Fund A Acc;funds_v3
LU0119753308;Invesco Funds - Invesco Sustainable Pan European Systematic Equity Fund E Acc;funds_v3
LU0121204431;Goldman Sachs Global Sustainable Equity - X Cap EUR;funds_v3
LU0121216526;Goldman Sachs Patrimonial Aggressive - X Cap EUR;funds_v3
LU0125951151;MFS Meridian Funds - European Value Fund A1 EUR;funds_v3
LU0127786431;Goldman Sachs Eurozone Equity Income - P Cap EUR;funds_v3
LU0128521001;Templeton European Insights Fund Class N (acc) EUR;funds_v3
LU0132601682;Morgan Stanley Investment Funds - Euro Corporate Bond Fund A;funds_v3
LU0133264522;Goldman Sachs Global Equity Income Portfolio E Acc EUR;funds_v3
LU0133267202;Goldman Sachs Emerging Markets Equity Portfolio E Acc EUR;funds_v3
LU0133717503;Schroder International Selection Fund EURO Corporate Bond A1 Accumulation EUR;funds_v3
LU0137009238;Vontobel Fund - Euro Short Term Bond C EUR Cap;funds_v3
LU0144751095;Candriam Bonds Euro High Yield Class N EUR Cap;funds_v3
LU0145656715;DWS Invest ESG Euro Bonds (Short) NC;funds_v3
LU0151324935;Candriam Bonds Credit Opportunities Class N EUR Cap;funds_v3
LU0153585137;Vontobel Fund - European Equity B EUR Cap;funds_v3
LU0153925689;UBS (Lux) Key Selection SICAV - European Equity Value Opportunity (EUR) P-acc;funds_v3
LU0157179127;JPMorgan Investment Funds - Global Select Equity Fund D (acc) EUR;funds_v3
LU0161304786;Schroder International Selection Fund European Value A1 Accumulation EUR;funds_v3
LU0161305163;Schroder International Selection Fund European Value A Accumulation EUR;funds_v3
LU0161305593;Schroder International Selection Fund European Value B Accumulation EUR;funds_v3
LU0162660350;BlackRock Global Funds - Euro Corporate Bond Fund A1;funds_v3
LU0165074666;HSBC Global Investment Funds - Euroland Value AC;funds_v3
LU0165081950;HSBC Global Investment Funds - Euroland Value EC;funds_v3
LU0165520114;Candriam Bonds Global Inflation Short Duration Class C EUR Cap;funds_v3
LU0169250635;Generali Investments SICAV - Euro Bond Fund EX;funds_v3
LU0170293632;Candriam Bonds Global High Yield Class N EUR Cap;funds_v3
LU0170473374;Franklin European Total Return Fund A(acc)EUR;funds_v3
LU0171275786;BlackRock Global Funds - Emerging Markets Fund A2 (EUR);funds_v3
LU0171283459;BlackRock Global Funds - Global Allocation Fund A2 (EUR);funds_v3
LU0171285587;BlackRock Global Funds - Global Long-Horizon Equity Fund E2 (EUR);funds_v3
LU0171289902;BlackRock Global Funds - Sustainable Energy Fund A2 (EUR);funds_v3
LU0171290074;BlackRock Global Funds - Sustainable Energy Fund E2 (EUR);funds_v3
LU0171296949;BlackRock Global Funds - US Flexible Equity Fund E2 (EUR);funds_v3
LU0171304552;BlackRock Global Funds - World Energy Fund E2 (EUR);funds_v3
LU0171304719;BlackRock Global Funds - World Financials Fund A2 (EUR);funds_v3
LU0171305443;BlackRock Global Funds - World Financials Fund E2 (EUR);funds_v3
LU0171306680;BlackRock Global Funds - World Gold Fund E2 (EUR);funds_v3
LU0171307068;BlackRock Global Funds - World Healthscience Fund A2 (EUR);funds_v3
LU0171309270;BlackRock Global Funds - World Healthscience Fund E2 (EUR);funds_v3
LU0172157280;BlackRock Global Funds - World Mining Fund A2 (EUR);funds_v3
LU0172157363;BlackRock Global Funds - World Mining Fund E2 (EUR);funds_v3
LU0173779223;Nordea 1 - Danish Covered Bond Fund BP EUR;funds_v3
LU0173782102;Nordea 1 - Asia ex Japan Equity Fund BP EUR;funds_v3
LU0177497491;abrdn SICAV II-Euro Corporate Bond Fund A Acc EUR;funds_v3
LU0181496216;Schroder International Selection Fund Emerging Asia A1 Accumulation USD;funds_v3
LU0181962126;First Eagle Amundi International Fund Class FU-C Shares;funds_v3
LU0184627536;AXA World Funds - Switzerland Equity A Capitalisation EUR;funds_v3
LU0187079347;Robeco Global Consumer Trends D EUR;funds_v3
LU0188151095;Templeton European Small-Mid Cap Fund N(acc)EUR;funds_v3
LU0188151921;Templeton Emerging Markets Fund N(acc)EUR;funds_v3
LU0189895229;Schroder International Selection Fund Global High Yield B Accumulation EUR Hedged;funds_v3
LU0200684180;BlackRock Global Funds - Emerging Markets Bond Fund E2 (EUR);funds_v3
LU0201075453;Janus Henderson Pan European Fund A2 EUR;funds_v3
LU0202403266;Fidelity Active Strategy - FAST - Europe Fund A-ACC-EUR;funds_v3
LU0203937692;UBS (Lux) Bond SICAV - Convert Global (EUR) P-acc;funds_v3
LU0203975437;Robeco BP Global Premium Equities D EUR;funds_v3
LU0208853944;JPMorgan Funds - Global Natural Resources Fund D (acc) - EUR;funds_v3
LU0210531983;JPMorgan Funds - Europe Strategic Value Fund A (acc) - EUR;funds_v3
LU0210536198;JPMorgan Funds - US Growth Fund A (acc) - USD;funds_v3
LU0212178916;BNP Paribas Funds Europe Small Cap Classic Capitalisation;funds_v3
LU0217139020;Pictet-Premium Brands P EUR;funds_v3
LU0217576833;JPMorgan Funds - Emerging Markets Equity Fund D (acc) - EUR;funds_v3
LU0224105477;BlackRock Global Funds - Continental European Flexible Fund Class A2;funds_v3
LU0224105980;BlackRock Global Funds - Continental European Flexible Fund E2;funds_v3
LU0227385266;Nordea 1 - Stable Return Fund E EUR;funds_v3
LU0229084990;BlackRock Global Funds - European Equity Transition Fund A2;funds_v3
LU0231205856;Franklin India Fund N(acc)EUR;funds_v3
LU0231490524;abrdn SICAV I - Indian Equity Fund A Acc USD;funds_v3
LU0232524495;AB - American Growth Portfolio A EUR Acc;funds_v3
LU0235308482;Alken Fund - European Opportunities Class R;funds_v3
LU0236738190;Schroder International Selection Fund Japanese Equity B Accumulation EUR Hedged;funds_v3
LU0243957239;Invesco Funds - Invesco Pan European High Income Fund A Accumulation EUR;funds_v3
LU0243957742;Invesco Funds - Invesco Pan European High Income Fund E Accumulation EUR;funds_v3
LU0243958393;Invesco Funds - Invesco Euro Corporate Bond Fund E Accumulation EUR;funds_v3
LU0248167537;Schroder International Selection Fund Global Equity Alpha A1 Accumulation EUR;funds_v3
LU0248168261;Schroder International Selection Fund Global Equity Alpha B Accumulation EUR;funds_v3
LU0248168428;Schroder International Selection Fund Global Equity Alpha A Accumulation EUR;funds_v3
LU0248172537;Schroder International Selection Fund Emerging Asia A Accumulation EUR;funds_v3
LU0248173006;Schroder International Selection Fund Emerging Asia B Accumulation EUR;funds_v3
LU0248174152;Schroder International Selection Fund Emerging Asia A1 Accumulation EUR;funds_v3
LU0248181363;Schroder International Selection Fund Latin American A Accumulation EUR;funds_v3
LU0248183815;Schroder International Selection Fund Latin American B Accumulation EUR;funds_v3
LU0248183906;Schroder International Selection Fund Asian Opportunities B Accumulation EUR;funds_v3
LU0248184383;Schroder International Selection Fund Latin American A1 Accumulation EUR;funds_v3
LU0248184466;Schroder International Selection Fund Asian Opportunities A Accumulation EUR;funds_v3
LU0251119078;Fidelity Funds - Fidelity Target™ 2035 Fund A-Acc-EUR;funds_v3
LU0251131362;Fidelity Funds - Fidelity Target™ 2030 Fund A-Acc-EUR;funds_v3
LU0251660279;AXA World Funds - Euro Strategic Bonds E Capitalisation EUR;funds_v3
LU0251661590;AXA World Funds - Euro Long Duration Bonds E Capitalisation EUR;funds_v3
LU0251807987;BNP Paribas Funds Japan Small Cap Classic EUR Capitalisation;funds_v3
LU0251853072;AB SICAV I-International Health Care Portfolio Class A EUR Acc;funds_v3
LU0252500524;JPMorgan Funds - EUR Money Market VNAV Fund D (acc) - EUR;funds_v3
LU0252970834;BlackRock Global Funds - European Equity Transition Fund A2 (USD);funds_v3
LU0254836850;Robeco Capital Growth Funds - Robeco Emerging Stars Equities D EUR;funds_v3
LU0256839860;Allianz Global Investors Fund - Allianz Europe Equity Growth CT EUR;funds_v3
LU0260085492;Jupiter European Growth Class L EUR Acc;funds_v3
LU0260869739;Franklin U.S. Opportunities Fund A(acc)EUR;funds_v3
LU0261948227;Fidelity Funds - Germany Fund A-Acc-EUR;funds_v3
LU0261951957;FF - Global Dividend Plus Fund A-Acc-EUR;funds_v3
LU0261952682;Fidelity Funds - Euro 50 Index Fund A-Acc-EUR;funds_v3
LU0264738294;Janus Henderson Horizon Global Property Equities Fund A2 EUR;funds_v3
LU0267388220;Fidelity Funds - Euro Short Term Bond Fund A-Acc-EUR;funds_v3
LU0267984697;Invesco Funds - Invesco India Equity Fund E Accumulation EUR;funds_v3
LU0270905242;Pictet-Security R EUR;funds_v3
LU0273148055;DWS Invest Gold and Precious Metals Equities NC;funds_v3
LU0273159177;DWS Invest Gold and Precious Metals Equities LC;funds_v3
LU0273690064;Goldman Sachs Asia Equity Growth & Income - P Cap EUR;funds_v3
LU0275692696;Fidelity Funds - American Growth Fund A-Acc-EUR;funds_v3
LU0279459456;Schroder International Selection Fund Global Emerging Market Opportunities A Accumulation EUR;funds_v3
LU0279460892;Schroder International Selection Fund Global Smaller Companies A1 Accumulation;funds_v3
LU0280435388;Pictet - Clean Energy Transition P EUR;funds_v3
LU0280435461;Pictet-Clean Energy Transition R EUR;funds_v3
LU0282719219;CT (Lux) - Pan European Small Cap Opportunities Class AE (EUR Accumulation Shares);funds_v3
LU0284394821;DNCA Invest Évolutif B EUR;funds_v3
LU0284396289;DNCA Invest Value Europe Class B shares EUR;funds_v3
LU0289089384;JPMorgan Funds - Europe Equity Plus Fund A (perf) (acc) - EUR;funds_v3
LU0289214628;JPMorgan Funds - Europe Equity Plus Fund D (perf) (acc) - EUR;funds_v3
LU0293313325;Allianz Global Investors Fund - Allianz GEM Equity High Dividend AT EUR;funds_v3
LU0293313671;Allianz Global Investors Fund - Allianz GEM Equity High Dividend CT EUR;funds_v3
LU0294249692;Carmignac Portfolio Grande Europe E EUR Acc;funds_v3
LU0300507208;Generali Investments SICAV - Euro Future Leaders EX;funds_v3
LU0300741732;Franklin Natural Resources Fund A(acc)EUR;funds_v3
LU0302445910;Schroder International Selection Fund Global Climate Change Equity A Accumulation;funds_v3
LU0302446645;Schroder International Selection Fund Global Climate Change Equity A Accumulation;funds_v3
LU0302446991;Schroder International Selection Fund Global Climate Change Equity B Accumulation;funds_v3
LU0309468980;Nordea 1 - Latin American Equity Fund E EUR;funds_v3
LU0313923228;BlackRock Strategic Funds - European Opportunities Extension Fund A2 EUR;funds_v3
LU0318931192;Fidelity Funds - China Focus Fund A-Acc-EUR;funds_v3
LU0320896664;Robeco BP US Premium Equities DH €;funds_v3
LU0321373184;Schroder International Selection Fund European Dividend Maximiser B Distribution;funds_v3
LU0323041763;Digital Funds Stars Europe R;funds_v3
LU0326425351;BlackRock Global Funds - World Mining Fund E2 EUR Hedged;funds_v3
LU0329070915;Jupiter India Select Class L EUR Acc;funds_v3
LU0329203656;JPM Global Dividend D (acc) - EUR (hedged);funds_v3
LU0329206832;JPMorgan Investment Funds - Japan Strategic Value Fund D (acc) - EUR;funds_v3
LU0329355670;Robeco QI Emerging Markets Active Equities D €;funds_v3
LU0329430986;GAM Multistock - Luxury Brands Equity EUR E;funds_v3
LU0329678410;Fidelity Funds - Emerging Asia Fund A-Acc-EUR;funds_v3
LU0331286574;BlackRock Global Funds - Sustainable Energy Fund C2 (EUR);funds_v3
LU0333810850;Goldman Sachs India Equity Portfolio E Acc EUR;funds_v3
LU0336084032;Carmignac Pf Flexible Bond A EUR Acc;funds_v3
LU0340559557;Pictet-Timber P EUR;funds_v3
LU0345361124;Fidelity Funds - Asia Pacific Opportunities Fund A-Acc-EUR;funds_v3
LU0348529792;Fidelity Active Strategy - FAST - Europe Fund E-ACC-EUR;funds_v3
LU0348784041;Allianz Global Investors Fund - Allianz Oriental Income AT EUR;funds_v3
LU0348926287;Nordea 1 - Global Climate and Environment Fund BP EUR;funds_v3
LU0348927251;Nordea 1 - Global Climate and Environment Fund E EUR;funds_v3
LU0352312184;Allianz Strategy 50 CT EUR;funds_v3
LU0352312853;Allianz Strategy 75 CT EUR;funds_v3
LU0353647737;Fidelity Funds - European Dividend Fund A-Acc-EUR;funds_v3
LU0353649352;Fidelity Funds - Global Inflation-linked Bond Fund E-Acc-EUR (hedged);funds_v3
LU0360646680;BNP Paribas Funds Euro Defensive Equity Classic Capitalisation;funds_v3
LU0365089902;Jupiter India Select Class L USD A Inc;funds_v3
LU0365775922;Schroder International Selection Fund Greater China A Accumulation EUR;funds_v3
LU0368678339;Fidelity Funds - Pacific Fund A-Acc-EUR;funds_v3
LU0384381660;Morgan Stanley Investment Funds - QuantActive Global Infrastructure Fund A;funds_v3
LU0387754996;Robeco Global Stars Equities D EUR;funds_v3
LU0391944815;Pictet-Global Megatrend Selection R EUR;funds_v3
LU0398684661;Goldman Sachs Alternative Beta - P Cap EUR (hedged i);funds_v3
LU0399356780;DWS Invest Latin American Equities LC;funds_v3
LU0404220724;JPMorgan Investment Funds - Global Income Fund D (div) - EUR;funds_v3
LU0413376566;BlackRock Global Funds - Emerging Markets Bond Fund A2 Hedged;funds_v3
LU0413543058;Fidelity Funds - Japan Value Fund A-Acc-EUR;funds_v3
LU0415391431;Bellevue Funds (Lux) - Bellevue Medtech & Services B EUR;funds_v3
LU0425308169;BlackRock Global Funds - Global Inflation Linked Bond Fund A2 EUR Hedged;funds_v3
LU0430492750;JPMorgan Funds - Euro Aggregate Bond Fund C (acc) - EUR;funds_v3
LU0438336694;BlackRock ESG Fixed Income Strategies Fund E2 EUR;funds_v3
LU0447425785;SIH FCP - Short Term EUR A Classic;funds_v3
LU0455556406;UBS (Lux) Bond SICAV - Global Inflation-linked (USD) (EUR hedged) P-acc;funds_v3
LU0469270010;AB - Asia Ex-Japan Equity Portfolio C EUR Acc;funds_v3
LU0491217419;Robeco Indian Equities D €;funds_v3
LU0496368142;Franklin Gold & Precious Metals Fund A(acc)EUR-H1;funds_v3
LU0496369389;Franklin Gold & Precious Metals Fund N(acc)EUR;funds_v3
LU0501220429;Global Evolution Funds Frontier Markets R EUR;funds_v3
LU0503631714;Pictet - Global Environmental Opportunities P EUR;funds_v3
LU0512121004;DNCA Invest Eurose Class B shares EUR;funds_v3
LU0522352516;JPMorgan Funds - India Fund D (acc) - EUR;funds_v3
LU0524465548;Alken Fund - Small Cap Europe Class A;funds_v3
LU0524465977;Alken Fund - European Opportunities Class A;funds_v3
LU0546917344;Goldman Sachs Euro Long Duration Bond - P Cap EUR;funds_v3
LU0552029406;Amundi Funds - Latin America Equity A EUR (C);funds_v3
LU0552029661;Amundi Funds - Latin America Equity G EUR (C);funds_v3
LU0552385295;Morgan Stanley Investment Funds - Global Opportunity Fund A;funds_v3
LU0554840230;Robeco Global Consumer Trends Equities M €;funds_v3
LU0563745743;Bestinver Tordesillas SICAV Iberia A;funds_v3
LU0564184074;Ethna-AKTIV R-T;funds_v3
LU0565135745;First Eagle Amundi International Fund Class AE-C Shares;funds_v3
LU0565136552;First Eagle Amundi International Fund Class FE-C Shares;funds_v3
LU0568583420;Amundi Funds - Equity Japan Target A EUR (C);funds_v3
LU0568620560;Amundi Funds - Cash EUR A2 EUR (C);funds_v3
LU0568620727;Amundi Funds - Cash EUR G2 EUR (C);funds_v3
LU0569862609;UBAM - Global High Yield Solution AHC EUR;funds_v3
LU0570870567;CT (Lux) - Global Smaller Companies AE (EUR Accumulation Shares);funds_v3
LU0571100824;Groupama Europe Convertible NC;funds_v3
LU0571101558;Groupama Euro High Yield NC;funds_v3
LU0583242994;MFS Meridian Funds - Prudent Wealth Fund A1 EUR;funds_v3
LU0592699093;Carmignac Portfolio Emerging Patrimoine E EUR Acc;funds_v3
LU0594300096;Fidelity Funds - China Consumer Fund A-Acc-EUR;funds_v3
LU0594539719;Candriam Bonds Emerging Markets Class C EUR Hedged Cap;funds_v3
LU0599946893;DWS Concept Kaldemorgen EUR LC;funds_v3
LU0599947198;DWS Concept Kaldemorgen EUR NC;funds_v3
LU0602539867;Nordea 1 - Emerging Sustainable Stars Equity Fund BP EUR;funds_v3
LU0604766674;Allianz Global Investors Fund - Allianz Global Metals and Mining AT EUR;funds_v3
LU0607225447;CT (Lux) Global Convertible Bond Fund A Acc EUR Hdg;funds_v3
LU0607512935;Invesco Funds - Invesco Developed Small and Mid-Cap Equity Fund E Accumulation;funds_v3
LU0607513586;Invesco Funds - Invesco Global Equity Income Fund E Accumulation EUR;funds_v3
LU0607983896;Nordea 1 - Alpha 15 MA Fund BP EUR;funds_v3
LU0616839501;DWS Invest Euro High Yield Corporates LC;funds_v3
LU0616856935;DWS Invest Brazilian Equities LC;funds_v3
LU0616857313;DWS Invest Brazilian Equities NC;funds_v3
LU0628612748;BlackRock Global Funds - European Equity Income Fund E2;funds_v3
LU0630951415;Fidelity Funds - Emerging Asia Fund E-Acc-EUR;funds_v3
LU0631859229;Bellevue Funds (Lux) - Bellevue Entrepreneur Europe Small B EUR;funds_v3
LU0637302547;Nordea 1 - Emerging Market Corporate Bond Fund BP EUR;funds_v3
LU0637335638;Nordea 1 - Indian Equity Fund BP EUR;funds_v3
LU0658026512;AXA IM Fixed Income Investment Strategies - Europe Short Duration High Yield E Capitalisation EUR;funds_v3
LU0661986348;JPMorgan Funds - Euroland Dynamic Fund D (perf) (acc) - EUR;funds_v3
LU0690375182;Fundsmith Equity Fund T EUR Acc;funds_v3
LU0702159772;Fidelity Funds - Asian Smaller Companies Fund A-Acc-EUR;funds_v3
LU0704154706;RAM (Lux) Systematic Funds - Emerging Markets Equities O EUR;funds_v3
LU0706127809;UBS (Lux) Bond SICAV - Global Short Term Flexible (USD) (EUR hedged) P-acc;funds_v3
LU0712123511;Morgan Stanley Investment Funds - Global Fixed Income Opportunities Fund AH (EUR);funds_v3
LU0733673288;Nordea 1 - European Cross Credit Fund BP EUR;funds_v3
LU0766123821;Fidelity Funds - China Focus Fund E-Acc-EUR;funds_v3
LU0769137737;BlackRock Global Funds - Continental European Flexible Fund Class A2 (USD);funds_v3
LU0772958525;Nordea 1 - North American Sustainable Stars Equity Fund BP USD;funds_v3
LU0778324086;Fidelity Funds - Asian Special Situations Fund E-Acc-EUR;funds_v3
LU0795636256;Schroder International Selection Fund Emerging Markets Hard Currency A Accumulation EUR Hedged;funds_v3
LU0813337002;DWS Invest Latin American Equities NC;funds_v3
LU0815263628;Morgan Stanley Investment Funds - Emerging Leaders Equity Fund A;funds_v3
LU0823394852;BNP Paribas Funds Global Convertible Classic RH EUR Capitalisation;funds_v3
LU0823411706;BNP Paribas Funds Consumer InnovatorsClassic Capitalisation;funds_v3
LU0823421689;BNP Paribas Funds Disruptive Technology Classic Capitalisation;funds_v3
LU0826452848;DWS Invest II Global Equity High Conviction Fund LC;funds_v3
LU0826453226;DWS Invest II Global Equity High Conviction Fund NC;funds_v3
LU0835722488;RAM (Lux) Systematic Funds - Emerging Markets Equities OP EUR;funds_v3
LU0842066523;SIH FCP - Balanced A Classic;funds_v3
LU0849399786;Schroder International Selection Fund EURO High Yield A Accumulation;funds_v3
LU0857700040;Fidelity Funds - European Dividend Fund A-MINCOME(G)-EUR;funds_v3
LU0861897477;Abante Global Funds Spanish Opportunities Class B;funds_v3
LU0862450516;JPMorgan Funds - Emerging Markets Dividend Fund D (acc) - EUR;funds_v3
LU0910636546;Goldman Sachs Emerging Markets Debt Blend Portfolio Other Currency Acc EUR;funds_v3
LU0910636892;Goldman Sachs Emerging Markets Debt Blend Portfolio E Acc EUR;funds_v3
LU0918140210;T. Rowe Price Funds SICAV - US Smaller Companies Equity Fund A (EUR);funds_v3
LU0920839429;Allianz Global Investors Fund - Allianz Europe Equity Growth Select CT EUR;funds_v3
LU0922333322;Fidelity Funds - Italy Fund A-Acc-EUR;funds_v3
LU0926439992;Vontobel Fund - Emerging Markets Debt H (hedged) EUR Cap;funds_v3
LU0933684101;Incometric Equam Global Value A;funds_v3
LU0935222900;Natixis AM Funds - Ostrum Euro Inflation R/A (EUR);funds_v3
LU0935230242;Natixis AM Funds - Ostrum Europe MinVol RE/A (EUR);funds_v3
LU0940719098;UBAM - Global High Yield Solution RHC EUR;funds_v3
LU0986194024;SIH FCP - Equity Europe A Classic;funds_v3
LU0995119665;Schroder International Selection Fund EURO Credit Conviction A Accumulation EUR;funds_v3
LU0995119749;Schroder International Selection Fund EURO Credit Conviction B Accumulation EUR;funds_v3
LU0995386439;EDM Inversion/Spanish Equity R EUR;funds_v3
LU1021288268;AB - Mortgage Income Portfolio A2 EUR Acc;funds_v3
LU1022658667;Franklin Euro Short Duration Bond Fund A(acc)EUR;funds_v3
LU1061675168;Goldman Sachs Frontier Markets Debt (Hard Currency) - X Cap EUR (hedged i);funds_v3
LU1066281574;SIH FCP - Equity Spain A Classic;funds_v3
LU1079477284;Allianz Emerging Markets Short Duration Bond AT (H2-EUR);funds_v3
LU1080015693;Edmond de Rothschild Fund - Emerging Credit A EUR Hedged;funds_v3
LU1088692675;UBAM - Global Equity AC EUR;funds_v3
LU1089088741;Allianz Global Investors Fund - Allianz Floating Rate Notes Plus VarioZins AT EUR;funds_v3
LU1095739733;First Eagle Amundi Income Builder Fund Class AE-QD Shares;funds_v3
LU1103303167;Edmond de Rothschild Fund - US Value A EUR;funds_v3
LU1103307408;Goldman Sachs Absolute Return Tracker Portfolio Other Currency Acc EUR-Hedged;funds_v3
LU1111642820;Eleva European Selection A2 EUR acc;funds_v3
LU1120766388;Candriam Equities L Biotechnology Class C EUR Cap;funds_v3
LU1161086159;Amundi Funds - Emerging Markets Blended Bond A EUR (C);funds_v3
LU1161526576;Edmond de Rothschild Fund - Bond Allocation R EUR Acc;funds_v3
LU1162516717;BlackRock Systematic Global Equity Absolute Return Fund A2 EUR Hedged;funds_v3
LU1164219682;AXA World Funds - Euro Credit Total Return A Capitalisation EUR;funds_v3
LU1164220854;AXA World Funds - Euro Credit Total Return E Capitalisation EUR;funds_v3
LU1165644672;IVO Funds - IVO Emerging Markets Corporate Debt EUR R Acc;funds_v3
LU1191877379;BlackRock Global Funds - European High Yield Bond Fund A2;funds_v3
LU1206943596;Fidelity Active Strategy - FAST - Emerging Markets Fund A-ACC-EUR;funds_v3
LU1213836080;Fidelity Funds - Global Technology Fund A-Acc-EUR;funds_v3
LU1223083087;Schroder International Selection Fund Global Gold A Accumulation EUR Hedged;funds_v3
LU1223084051;Schroder International Selection Fund Global Gold A Accumulation PLN Hedged;funds_v3
LU1244893696;Edmond de Rothschild Fund - Big Data A-EUR accumulating;funds_v3
LU1244895394;Edmond de Rothschild Fund - Big Data R EUR;funds_v3
LU1245469744;Flossbach von Storch - Multiple Opportunities II ET;funds_v3
LU1245470593;Flossbach von Storch - Multi Asset Defensive ET;funds_v3
LU1254412460;abrdn SICAV I - Indian Bond Fund A Acc EUR;funds_v3
LU1276000236;Edmond de Rothschild Fund - Income Europe R EUR;funds_v3
LU1278917452;DWS Invest CROCI Sectors Plus LC;funds_v3
LU1278917536;DWS Invest CROCI Sectors Plus NC;funds_v3
LU1279334483;Pictet - Robotics R EUR;funds_v3
LU1295551144;Capital Group New Perspective Fund (LUX) B (EUR);funds_v3
LU1298174530;CT (Lux) - Global Multi Asset Income Class AE (EUR Accumulation Shares);funds_v3
LU1299306321;Carmignac Portfolio Sécurité AW EUR Acc;funds_v3
LU1299311164;Carmignac Portfolio Investissement A EUR Acc;funds_v3
LU1299311834;Carmignac Portfolio Investissement E EUR Acc;funds_v3
LU1301026388;Sycomore Fund SICAV - Sycomore Europe Happy@Work RC EUR;funds_v3
LU1304666057;Allianz Global Investors Fund - Allianz Dynamic Multi Asset Strategy SRI 75 CT EUR;funds_v3
LU1317704135;Carmignac Portfolio Long-Short European Equities E EUR Acc;funds_v3
LU1321847805;BlackRock Strategic Funds - Emerging Markets Equity Strategies Fund E2 EUR;funds_v3
LU1330191542;Magallanes Value Investors UCITS European Equity R EUR;funds_v3
LU1333148903;Azvalor Lux SICAV Azvalor International R;funds_v3
LU1340702932;MFS Meridian Funds - Global Opportunistic Bond Fund A1 EUR;funds_v3
LU1353951376;AXA World Funds - Global Inflation Short Duration Bonds E Capitalisation EUR (Hedged);funds_v3
LU1362999481;Robeco High Yield Bonds D €;funds_v3
LU1372006947;Cobas LUX SICAV - Cobas Selection Fund Class P Acc EUR;funds_v3
LU1373035234;BlackRock Strategic Funds - BSF Systematic Style Factor Fund E2 EUR Hedged;funds_v3
LU1378878430;Morgan Stanley Investment Funds - Asia Opportunity Fund A;funds_v3
LU1383852487;Allianz Global Investors Fund - Allianz Floating Rate Notes Plus VarioZins AT2 EUR;funds_v3
LU1391767586;Fidelity Funds - Global Financial Services Fund A-Acc-EUR;funds_v3
LU1442549025;MFS Meridian Funds - Prudent Capital Fund A1 EUR;funds_v3
LU1481179858;Capital Group New World Fund (LUX) B (EUR);funds_v3
LU1481583711;Flossbach von Storch - Bond Opportunities RT;funds_v3
LU1486845537;ODDO BHF Euro Credit Short Duration CR-EUR;funds_v3
LU1499628912;Amundi S.F. - Diversified Short-Term Bond Select E EUR ND;funds_v3
LU1529955046;Eurizon Fund - Bond Aggregate RMB Class R EUR Acc;funds_v3
LU1542714578;Goldman Sachs Europe Sustainable Equity - X Cap EUR;funds_v3
LU1548496022;Allianz Global Investors Fund - Allianz Dynamic Multi Asset Strategy SRI 15 AT EUR;funds_v3
LU1548497699;Allianz Global Investors Fund - Allianz Global Artificial Intelligence AT EUR;funds_v3
LU1578889864;Ninety One Global Strategy Fund - Global Gold Fund A Acc EUR Hedged(Reference);funds_v3
LU1582984149;M&G (Lux) European Inflation Linked Corporate Bond Fund EUR A Acc;funds_v3
LU1582988306;M&G (Lux) Dynamic Allocation Fund EUR B Acc;funds_v3
LU1594335520;Allianz Global Investors Fund - Allianz Dynamic Multi Asset Strategy SRI 75 AT EUR;funds_v3
LU1623762843;Carmignac Pf Credit A EUR Acc;funds_v3
LU1665237704;M&G (Lux) Global Listed Infrastructure Fund EUR A Acc;funds_v3
LU1670618187;M&G (Lux) Asian Fund EUR A Acc;funds_v3
LU1670618690;M&G (Lux) Global Emerging Markets Fund EUR A Acc;funds_v3
LU1670626446;M&G (Lux) Japan Fund EUR A Acc;funds_v3
LU1670631016;M&G (Lux) Emerging Markets Bond Fund EUR A Acc;funds_v3
LU1670631289;M&G (Lux) Emerging Markets Bond Fund EUR A-H Acc;funds_v3
LU1670707527;M&G (Lux) European Strategic Value Fund EUR A Acc;funds_v3
LU1670708764;M&G (Lux) Global Convertibles Fund EUR B Acc;funds_v3
LU1670710075;M&G (Lux) Global Dividend Fund EUR A Acc;funds_v3
LU1670715975;M&G (Lux) Japan Smaller Companies Fund EUR A Acc;funds_v3
LU1670718219;M&G (Lux) Short Dated Corporate Bond Fund EUR A Acc;funds_v3
LU1670722161;M&G (Lux) Global Floating Rate High Yield Fund EUR A-H Acc;funds_v3
LU1670724373;M&G (Lux) Optimal Income Fund EUR A Acc;funds_v3
LU1679113404;UBS (Lux) Bond SICAV - Floating Rate Income (USD) (EUR hedged) P-acc;funds_v3
LU1694212348;Nordea 1 - Low Duration European Covered Bond Fund BP EUR;funds_v3
LU1694789451;DNCA Invest Alpha Bonds A EUR;funds_v3
LU1697013008;SIH FCP - Flexible Fixed Income USD;funds_v3
LU1697016019;Sigma Investment House FCP - Selection AggressiveClass A EUR;funds_v3
LU1697016365;Sigma Investment House FCP - Selection Defensive Class A EUR;funds_v3
LU1697016878;Sigma Investment House FCP - Selection Conservative Class A EUR;funds_v3
LU1697017256;Sigma Investment House FCP - Selection Moderate Class A EUR;funds_v3
LU1697017686;Sigma Investment House FCP - Selection Dynamic Class A EUR;funds_v3
LU1697018064;Sigma Investment House FCP - Best Morgan Stanley Class A EUR;funds_v3
LU1697018494;Sigma Investment House FCP - Best JP Morgan Class A EUR;funds_v3
LU1706854152;Amundi S.F. - Diversified Short-Term Bond Select A EUR ND;funds_v3
LU1717592262;Groupama Global Inflation Short Duration NC;funds_v3
LU1738492658;Aviva Investors - Short Duration Global High Yield Bond Fund Ah EUR Acc;funds_v3
LU1740985814;DWS Strategic Allocation Dynamic LD;funds_v3
LU1762221155;Invesco Funds - Invesco Global Founders & Owners Fund E Accumulation EUR;funds_v3
LU1769941003;DWS Invest CROCI World Value LC;funds_v3
LU1775950477;Invesco Funds - Invesco Asian Equity Fund E Accumulation EUR;funds_v3
LU1814994353;Azvalor Lux SICAV Altum Faith - Consistent Equity R;funds_v3
LU1819480192;Echiquier Artificial Intelligence B EUR;funds_v3
LU1829329819;CT (Lux) - Pan European Smaller Companies 1E (EUR Accumulation Shares);funds_v3
LU1832969650;Morgan Stanley Investment Funds - Euro Corporate Bond - Duration Hedged Fund A;funds_v3
LU1838941372;Candriam Bonds Floating Rate Notes C EUR Cap;funds_v3
LU1868537090;DWS Invest ESG Dynamic Opportunities LC;funds_v3
LU1873127366;JPMorgan Liquidity Funds - EUR Liquidity LVNAV Fund A (acc.);funds_v3
LU1882457143;Amundi Funds - Emerging Markets Corporate High Yield Bond A EUR (C);funds_v3
LU1882457739;Amundi Funds - Emerging Markets Corporate High Yield Bond C EUR (C);funds_v3
LU1882462655;Amundi Funds - Emerging Markets Short Term Bond A2 EUR (C);funds_v3
LU1882462739;Amundi Funds - Emerging Markets Short Term Bond A2 EUR Hgd (C);funds_v3
LU1882475392;Amundi Funds - Euro Multi-Asset Target Income A2 EUR (C);funds_v3
LU1883318740;Amundi Funds - Global Equity Responsible A EUR (C);funds_v3
LU1883319474;Amundi Funds - Global Equity Responsible C EUR (C);funds_v3
LU1883327816;Amundi Funds - Global Multi-Asset A EUR (C);funds_v3
LU1883329432;Amundi Funds - Global Multi-Asset Conservative A EUR (C);funds_v3
LU1883330521;Amundi Funds - Global Multi-Asset Target Income A2 EUR (C);funds_v3
LU1883334275;Amundi Funds - Global Subordinated Bond A EUR (C);funds_v3
LU1883340322;Amundi Funds - Pioneer Flexible Opportunities A EUR (C);funds_v3
LU1883342377;Amundi Funds - Global Equity A EUR (C);funds_v3
LU1883342880;Amundi Funds - Global Equity C EUR (C);funds_v3
LU1894680757;Amundi Funds - Income Opportunities A2 EUR (C);funds_v3
LU1897556517;Groupama Global Disruption NC;funds_v3
LU1899018870;Sigma Investment House FCP - Best M&G Class A EUR Accumulation;funds_v3
LU1899018953;Sigma Investment House FCP - Best Blackrock Class A EUR Accumulation;funds_v3
LU1899019175;Sigma Investment House FCP - Smart Horizon Class A EUR Accumulation;funds_v3
LU1902444584;CPR Invest - Climate Bonds Euro - A EUR - Acc;funds_v3
LU1915690918;Nordea 1 - Active Rates Opportunities Fund Fund E EUR;funds_v3
LU1917163617;BlackRock Global Funds - FinTech Fund E2;funds_v3
LU1919971074;abrdn SICAV I - Frontier Markets Bond Fund A Acc Hedged EUR;funds_v3
LU1931535931;Allianz Pet and Animal Wellbeing AT EUR;funds_v3
LU1939214695;Nordea 1 - Global Diversity Engagement Fund BP EUR;funds_v3
LU1951204046;Natixis International Funds (Lux) I - Thematics Meta Fund R/A (EUR);funds_v3
LU1951921383;Allianz Global Investors Fund - Allianz Credit Opportunities AT EUR;funds_v3
LU1961009468;DWS Strategic Allocation Balance NC;funds_v3
LU1965927921;DWS Invest ESG Floating Rate Notes LC;funds_v3
LU1966822956;Cartesio Funds Income R;funds_v3
LU1982200609;DWS Invest Corporate Green Bonds LC;funds_v3
LU1983299162;Schroder International Selection Fund Global Alternative Energy A Accumulation;funds_v3
LU2002383896;Allianz Global Investors Fund - Allianz Credit Opportunities Plus AT EUR;funds_v3
LU2016064201;Schroder International Selection Fund Global Alternative Energy A Accumulation EUR Hedged;funds_v3
LU2050411763;BlackRock Global Funds - Emerging Markets Equity Income Fund A2 (EUR);funds_v3
LU2050544563;DWS ESG Multi Asset Dynamic LC;funds_v3
LU2050860480;Fidelity Funds - UK Special Situations Fund A-ACC-EUR;funds_v3
LU2050929277;Capital Group New Economy Fund (LUX) B (EUR);funds_v3
LU2092176515;BlueBox Funds - BlueBox Global Technology Fund Class C EUR Acc;funds_v3
LU2094235707;Goldman Sachs Global Future Technology Leaders Equity Portfolio Class E Shares EUR Acc;funds_v3
LU2098772366;Candriam Bonds Credit Alpha C EUR;funds_v3
LU2131365186;UBS (Lux) Equity Fund - China Opportunity (USD) P EUR acc;funds_v3
LU2133220793;Robeco Sustainable Asian Stars Equities DL EUR;funds_v3
LU2145461757;Robeco Smart Energy D-EUR Capitalisation;funds_v3
LU2145463373;Robeco Smart Energy M2-EUR Capitalisation;funds_v3
LU2146190835;Robeco Sustainable Water D-EUR Capitalisation;funds_v3
LU2210151341;Fidelity Funds - Absolute Return Global Equity Fund A-PF-Acc-Euro (Euro/USD hedged);funds_v3
LU2222028099;Merchbanc FCP Renta Fija Flex A;funds_v3
LU2240056015;Lonvia Mid-Cap Europe Retail;funds_v3
LU2240056445;Lonvia Mid-Cap Euro Retail;funds_v3
LU2267099674;BlackRock Global Funds - China Bond Fund Class A2 USD (EUR);funds_v3
LU2278574558;Buy & Hold Luxembourg B&H Equity Class 2;funds_v3
LU2278574715;Buy & Hold Luxembourg B&H Flexible Class 2;funds_v3
LU2278574988;Buy & Hold Luxembourg B&H Bond Class 2;funds_v3
LU2295319300;Morgan Stanley Investment Funds - Global Brands Fund A (EUR);funds_v3
LU2295320068;Morgan Stanley Investment Funds - Global Insight Fund A (EUR);funds_v3
LU2337806421;Morgan Stanley Investment Funds - Global Endurance Fund A EUR Acc;funds_v3
LU2338974699;Natixis International Funds (Lux) I - WCM Select Global Growth Equity Fund F/A (EUR);funds_v3
LU2348336004;FF - Climate Solutions Fund E-ACC-EUR;funds_v3
LU2357235493;Incometric Fund Nartex Equity Fund A Cap EUR Accumulation;funds_v3
LU2357235576;Incometric Fund Nartex Equity Fund R Cap EUR Accumulation;funds_v3
LU2375689580;Sigma Investment House FCP - Global Equity A EUR Income;funds_v3
LU2376061086;FF - Climate Solutions Fund A-Acc-EUR;funds_v3
LU2482630162;European Specialist Investment Funds - M&G European Credit Investment Fund Class P EUR Acc;funds_v3
LU2504555777;Fidelity Funds - Global Industrials Fund A-Acc-EUR;funds_v3
LU2601038578;Invesco Funds - Invesco Global Founders & Owners Fund A Accumulation EUR;funds_v3
LU2697545163;BlackRock Global Funds - Euro High Yield Fixed Maturity Bond Fund 2027 Class A2;funds_v3
LU2697545247;BGF Euro Investment Grade Fixed Maturity Bond Fund 2028 A2;funds_v3
LU2743151057;Natixis International Funds (Lux) I - Ossiam Shiller Barclays CAPE® US Fund R/A (EUR);funds_v3
LU2784406998;Morgan Stanley Investment Funds - Emerging Markets Debt Opportunities Fund A;funds_v3
LU3038481936;Hamco SICAV - Global Value R EUR Acc;funds_v3
